{
  "name": "react-sratch",
  "version": "1.0.0",
  "description": "",
  "main": "index.js",
  "scripts": {
    "start": "webpack-dev-server --hot --open",
    "build": "webpack --config webpack.config.js --mode production"
  },
  "author": "",
  "license": "ISC",
  "dependencies": {
    "react": "^17.0.2",
    "react-dom": "^17.0.2",
    "react-icons": "^4.2.0",
    "react-swipeable": "^6.2.0",
    "styled-components": "^5.3.1"
  },
  "devDependencies": {
    "@babel/core": "^7.15.0",
    "@babel/preset-env": "^7.15.0",
    "@babel/preset-react": "^7.14.5",
    "babel-loader": "^8.2.2",
    "html-webpack-plugin": "^5.3.2",
    "webpack": "^5.51.1",
    "webpack-cli": "^4.8.0",
    "webpack-dev-server": "^4.0.0"
  }
}
